{
  "room": {
    "room_dim_xyz_m": [
      8.0,
      6.0,
      3.0
    ],
    "room_materials": [
      8,
      8,
      8,
      8,
      10,
      7
    ],
    "room_volume_m3": 144.0,
    "room_surface_area_m2": 180.0
  },
  "listener": {
    "head_pos_xyz_m": [
      4.0,
      3.0,
      1.5
    ],
    "head_azim_deg": 0.0
  },
  "source": {
    "src_pos_xyz_m": [
      4.0,
      4.5,
      1.5
    ],
    "src_dist_m": 1.5,
    "src_azim_deg_rel_head": 90.0,
    "src_elev_deg_rel_head": 0.0
  },
  "doa": {
    "azim_deg_rel_head": 90.0,
    "elev_deg_rel_head": 0.0,
    "azim_deg_world": 90.0,
    "elev_deg_world": 0.0
  },
  "rt60": {
    "sabine": {
      "freq_hz": [
        125.0,
        250.0,
        500.0,
        1000.0,
        2000.0,
        4000.0
      ],
      "rt60_bands_sec": [
        0.3296928327645051,
        0.2364749082007344,
        0.21348066298342544,
        0.19015748031496063,
        0.18541266794625721,
        0.2031545741324921
      ],
      "rt60_mid_sec": 0.1963502704148811,
      "formula": "sabine",
      "sound_speed_m_per_s": 344.5
    },
    "from_brir": {
      "rt60_from_brir_sec": 0.29120678015635815,
      "rt60_method": "T30",
      "dynamic_range_db": 124.23602046902907,
      "fit_slope_db_per_sec": -206.0391587303843
    }
  },
  "simulator": {
    "sr_hz": 44100,
    "sound_speed_m_per_s": 344.5
  }
}