{
  "room": {
    "room_dim_xyz_m": [
      10.0,
      10.0,
      3.0
    ],
    "room_materials": [
      1,
      1,
      1,
      1,
      15,
      16
    ],
    "room_volume_m3": 300.0,
    "room_surface_area_m2": 320.0
  },
  "listener": {
    "head_pos_xyz_m": [
      5.0,
      5.0,
      1.5
    ],
    "head_azim_deg": 0.0
  },
  "source": {
    "src_pos_xyz_m": [
      5.362346663143529,
      6.352296156804695,
      1.5
    ],
    "src_dist_m": 1.4,
    "src_azim_deg_rel_head": 75.0,
    "src_elev_deg_rel_head": 0.0
  },
  "doa": {
    "azim_deg_rel_head": 75.0,
    "elev_deg_rel_head": 0.0,
    "azim_deg_world": 75.0,
    "elev_deg_world": 0.0
  },
  "rt60": {
    "sabine": {
      "freq_hz": [
        125.0,
        250.0,
        500.0,
        1000.0,
        2000.0,
        4000.0
      ],
      "rt60_bands_sec": [
        1.88671875,
        1.2845744680851066,
        0.7252252252252254,
        0.6129441624365483,
        0.5962962962962963,
        0.5722748815165877
      ],
      "rt60_mid_sec": 0.6448218946526899,
      "formula": "sabine",
      "sound_speed_m_per_s": 344.5
    },
    "from_brir": {
      "rt60_from_brir_sec": 1.401872998375398,
      "rt60_method": "T30",
      "dynamic_range_db": 160.0,
      "fit_slope_db_per_sec": -42.79988277792124
    }
  },
  "simulator": {
    "sr_hz": 44100,
    "sound_speed_m_per_s": 344.5
  }
}