{
  "room": {
    "room_dim_xyz_m": [
      30.0,
      20.0,
      12.0
    ],
    "room_materials": [
      15,
      15,
      15,
      15,
      16,
      15
    ],
    "room_volume_m3": 7200.0,
    "room_surface_area_m2": 2400.0
  },
  "listener": {
    "head_pos_xyz_m": [
      15.0,
      10.0,
      1.5
    ],
    "head_azim_deg": 0.0
  },
  "source": {
    "src_pos_xyz_m": [
      23.0,
      10.0,
      1.5
    ],
    "src_dist_m": 8.0,
    "src_azim_deg_rel_head": 0.0,
    "src_elev_deg_rel_head": 0.0
  },
  "doa": {
    "azim_deg_rel_head": 0.0,
    "elev_deg_rel_head": 0.0,
    "azim_deg_world": 0.0,
    "elev_deg_world": 0.0
  },
  "rt60": {
    "sabine": {
      "freq_hz": [
        125.0,
        250.0,
        500.0,
        1000.0,
        2000.0,
        4000.0
      ],
      "rt60_bands_sec": [
        5.08421052631579,
        2.35609756097561,
        1.0915254237288137,
        0.9113207547169814,
        0.8903225806451613,
        0.8702702702702703
      ],
      "rt60_mid_sec": 0.9643895863636521,
      "formula": "sabine",
      "sound_speed_m_per_s": 344.5
    },
    "from_brir": {
      "rt60_from_brir_sec": 5.097636960181501,
      "rt60_method": "T30",
      "dynamic_range_db": 101.53308113445306,
      "fit_slope_db_per_sec": -11.770159481475453
    }
  },
  "simulator": {
    "sr_hz": 44100,
    "sound_speed_m_per_s": 344.5
  }
}